Aktivitätstyp,Datum,Favorit,Titel,Distanz,Kalorien,Zeit,Ø Herzfrequenz,Maximale Herzfrequenz,Aerober TE,Ø Schrittfrequenz (Laufen),Max. Schrittfrequenz (Laufen),Ø Pace,Beste Pace,Anstieg gesamt,Abstieg gesamt,Ø Schrittlänge,Durchschnittliches vertikales Verhältnis,Ø vertikale Bewegung,Ø Bodenkontaktzeit,Durchschnittliche SAP,Normalized Power® (NP®),Training Stress Score®,Ø Leistung,Max. Leistung,Schritte,Body Battery Abnahme,Dekompression,Beste Rundenzeit,Anzahl der Runden,Zeit in Bewegung,Verstrichene Zeit,Minimale Höhe,Maximale Höhe
Laufen,2026-08-22 11:41:12,false,"Graz Laufen","5.52","495","00:41:44","144","154","3.4","143","180","7:33","4:21","21","27","0.97","8.6","8.1","265","7:22","276","0.0","232","404","6,120","'-11","Nein","00:03:24.3","6","00:36:19","00:41:44","361","373"
Laufen,2026-08-17 19:29:42,false,"Graz Laufen","5.42","492","00:38:00","154","169","4.0","142","183","7:01","4:25","17","21","1.05","8.5","8.8","266","6:54","299","0.0","254","428","5,262","'-8","Nein","00:04:32.3","6","00:31:40","00:38:00","363","371"
Laufen,2026-07-17 13:35:09,false,"Graz Laufen","5.79","672","01:00:33","146","180","3.7","101","177","10:28","4:00","25","31","0.95","8.8","8.3","275","10:20","244","0.0","162","391","6,394","'-11","Nein","00:06:53.9","6","00:38:51","01:00:33","364","374"
Laufen,2026-07-11 17:17:32,false,"Graz Laufen","6.32","552","00:46:35","144","163","3.8","131","186","7:22","4:23","26","24","1.06","8.4","8.8","265","7:11","293","0.0","237","422","6,212","'-11","Nein","00:03:08.0","7","00:37:06","00:46:35","363","372"
Laufen,2026-07-07 17:10:43,false,"Graz Laufen","7.00","658","00:55:28","147","158","3.7","136","176","7:55","4:58","35","31","0.99","8.9","8.5","275","7:46","272","0.0","222","376","7,232","'-12","Nein","00:00:06.5","8","00:46:57","00:55:28","363","374"
Laufen,2026-07-03 15:51:32,false,"Graz Laufen","8.52","772","01:02:03","155","180","4.3","136","177","7:17","3:52","82","80","1.02","8.8","8.9","275","7:06","295","0.0","250","494","8,614","'-17","Nein","00:04:55.0","9","00:52:35","01:02:03","363","414"
Laufen,2026-06-23 17:04:37,false,"Graz Laufen","6.41","474","00:39:56","142","156","3.4","162","177","6:14","5:05","28","21","0.99","8.9","8.9","275","6:12","291","0.0","283","367","6,454","'-11","Nein","00:02:37.0","7","00:39:03","00:53:06","366","376"
Laufen,2026-06-20 08:15:38,false,"Graz Laufen","5.30","418","00:40:07","134","150","2.9","134","182","7:34","5:27","8","12","0.90","9.3","8.3","279","7:34","237","0.0","207","331","5,986","'-11","Nein","00:04:25.1","6","00:36:00","00:40:07","365","374"
Laufen,2026-06-17 11:36:48,false,"Fazana Laufen","5.84","435","00:37:59","140","155","3.1","160","177","6:30","5:10","16","13","0.96","9.2","8.9","282","6:24","275","0.0","271","361","6,140","'-12","Nein","00:05:47.8","6","00:37:38","00:37:59","0","15"
Laufen,2026-06-12 11:54:02,false,"Graz Laufen","1.35","107","00:10:10","128","139","2.0","140","169","7:32","5:46","1","12","0.96","9.0","8.6","281","7:23","255","0.0","226","325","1,446","'-2","Nein","00:02:41.0","2","00:09:11","00:10:14","366","379"
Laufen,2026-06-12 08:37:19,false,"Graz Laufen","4.12","291","00:32:46","115","137","2.1","140","173","7:57","5:18","7","8","0.84","9.8","8.2","294","7:51","221","0.0","204","337","5,046","'-8","Nein","00:01:06.4","5","00:31:42","00:32:46","370","377"
Laufen,2026-06-11 15:38:29,false,"Graz Laufen","6.03","429","00:36:20","139","151","3.3","168","182","6:02","4:38","24","19","0.99","8.8","8.7","269","6:00","295","0.0","291","400","6,110","'-9","Nein","00:00:33.4","7","00:36:06","00:36:20","365","375"
Laufen,2026-06-06 15:18:56,false,"Graz Laufen","0.30","24","00:01:51.8","148","167","0.8","142","220","6:13","2:43","--","--","1.10","8.1","8.3","254","5:51","295","0.0","257","598","296","--","Nein","00:01:51.8","1","00:01:46","00:01:54.1","363","364"
Laufen,2026-06-05 07:08:53,false,"Graz Laufen","10.27","752","01:04:00","142","151","3.7","164","177","6:14","4:29","29","34","0.98","9.0","8.8","276","6:12","288","0.0","284","410","10,512","'-20","Nein","00:02:17.2","11","01:03:31","01:04:00","364","373"
Laufen,2026-05-29 19:49:01,false,"Graz Laufen","6.02","443","00:33:26","155","164","3.8","165","186","5:33","4:02","23","19","1.09","8.5","9.3","269","5:30","324","0.0","321","449","5,516","'-7","Nein","00:00:09.4","7","00:33:16","00:33:31","366","374"
Laufen,2026-05-14 15:03:38,false,"Graz Laufen","7.34","526","00:45:43","137","149","3.3","164","173","6:14","4:47","27","30","0.98","9.0","8.8","276","6:11","291","0.0","287","402","7,506","'-11","Nein","00:02:32.8","8","00:45:25","00:45:43","361","372"
Laufen,2026-05-07 18:50:55,false,"Graz Laufen","5.03","345","00:23:40","169","180","4.1","172","185","4:42","3:57","15","34","1.24","7.6","9.4","245","4:42","377","0.0","371","511","4,060","'-8","Nein","00:00:18.6","6","00:23:37","00:23:40","362","386"
Laufen,2026-05-03 17:06:44,false,"Graz Laufen","6.02","447","00:35:30","147","158","3.6","165","178","5:54","4:50","24","21","1.03","8.8","9.1","274","5:51","310","0.0","307","391","5,850","'-11","Nein","00:00:08.4","7","00:35:24","00:35:30","363","370"
Laufen,2026-04-26 18:37:07,false,"Graz Laufen","5.61","396","00:34:38","145","153","3.4","161","205","6:11","4:31","17","26","1.00","9.0","9.0","276","6:06","282","0.0","275","372","5,600","'-8","Nein","00:04:13.9","6","00:34:02","00:34:38","363","374"
Laufen,2026-04-24 17:00:38,false,"Graz Laufen","11.23","862","01:27:38","150","175","3.7","145","171","7:48","4:36","26","16","0.88","9.6","8.4","285","7:46","242","0.0","219","395","12,788","'-17","Nein","00:02:39.9","12","01:18:35","01:27:38","332","354"
Laufen,2026-03-22 13:50:36,false,"Graz Laufen","5.66","448","00:35:22","159","167","3.5","164","178","6:15","5:03","27","23","0.98","9.1","8.9","278","6:12","279","0.0","276","366","5,778","'-9","Nein","00:04:35.6","6","00:35:20","00:35:22","362","371"
Laufbandtraining,2025-10-09 06:05:37,false,"Laufbandtraining","2.52","260","00:29:42","126","149","2.6","95","179","11:47","5:30","--","--","0.98","8.5","8.1","263","--","234","0.0","138","297","2,636","'-8","Nein","00:05:48.1","3","00:15:24","00:29:42","--","--"
Laufbandtraining,2025-09-18 06:11:10,false,"Laufbandtraining","1.69","138","00:12:17","135","148","2.2","144","176","7:15","5:45","--","--","0.97","8.9","8.6","272","--","261","0.0","226","287","1,770","'-4","Nein","00:05:56.5","2","00:10:25","00:12:17","--","--"
Laufbandtraining,2025-09-16 06:04:50,false,"Laufbandtraining","2.37","187","00:17:30","132","144","2.4","143","178","7:22","5:44","--","--","0.98","9.0","8.6","275","--","257","0.0","224","294","2,492","'-5","Nein","00:05:03.3","3","00:15:02","00:17:30","--","--"
Laufbandtraining,2025-09-03 06:14:19,false,"Laufbandtraining","1.99","143","00:14:27","126","140","2.1","143","178","7:15","5:44","--","--","0.98","8.6","8.4","262","--","265","0.0","225","297","2,068","'-4","Nein","00:06:00.9","2","00:11:54","00:14:27","--","--"
Laufbandtraining,2025-09-02 06:11:35,false,"Laufbandtraining","2.48","180","00:16:12","134","147","2.4","157","176","6:32","5:19","--","--","0.99","8.8","8.6","268","--","272","0.0","252","322","2,554","'-5","Nein","00:04:06.3","3","00:14:57","00:16:12","--","--"
Laufbandtraining,2025-09-01 06:17:26,false,"Laufbandtraining","2.52","183","00:18:43","126","145","2.2","144","180","7:25","5:41","--","--","0.97","9.1","8.7","278","--","256","0.0","224","307","2,672","'-5","Nein","00:06:03.4","3","00:16:09","00:18:43","--","--"
Laufbandtraining,2025-08-28 06:13:29,false,"Laufbandtraining","2.38","187","00:17:36","132","144","2.3","146","174","7:24","5:46","--","--","0.97","9.1","8.6","277","--","255","0.0","224","290","2,540","'-6","Nein","00:04:58.2","3","00:15:26","00:17:36","--","--"
Laufbandtraining,2025-08-26 06:05:00,false,"Laufbandtraining","2.37","184","00:17:02","133","142","2.3","147","173","7:12","5:47","--","--","0.96","9.0","8.6","272","--","259","0.0","230","305","2,518","'-5","Nein","00:04:33.0","3","00:14:48","00:17:02","--","--"
Laufbandtraining,2025-08-23 07:02:31,false,"Laufbandtraining","1.16","124","00:16:27","113","143","1.9","90","180","14:14","5:16","--","--","1.00","8.7","8.1","271","--","219","0.0","114","327","1,344","'-3","Nein","00:05:56.5","2","00:07:56.5","00:16:27","--","--"
Laufbandtraining,2025-08-21 06:01:26,false,"Laufbandtraining","2.37","185","00:16:54","134","145","2.4","146","173","7:07","5:47","--","--","0.99","8.9","8.7","273","--","263","0.0","232","295","2,452","'-5","Nein","00:04:38.3","3","00:14:36","00:16:54","--","--"
Laufbandtraining,2025-08-19 05:47:37,false,"Laufbandtraining","2.42","174","00:15:10","136","146","2.4","164","174","6:15","5:38","--","--","1.00","8.9","8.9","274","--","272","0.0","266","304","2,480","'-5","Nein","00:02:36.6","3","00:14:44","00:15:10","--","--"
Laufbandtraining,2025-08-14 05:56:12,false,"Laufbandtraining","2.28","182","00:14:58","142","152","2.6","156","175","6:33","5:34","--","--","1.00","8.9","8.8","273","--","272","0.0","253","313","2,324","'-5","Nein","00:02:52.5","3","00:13:55","00:14:58","--","--"
Laufbandtraining,2025-08-12 06:00:26,false,"Laufbandtraining","2.57","202","00:18:34","134","155","2.6","144","176","7:14","5:18","--","--","1.00","8.9","8.8","274","--","264","0.0","229","325","2,662","'-5","Nein","00:05:47.1","3","00:15:41","00:18:34","--","--"
Laufbandtraining,2025-08-11 06:06:22,false,"Laufbandtraining","2.48","191","00:17:45","134","155","2.6","140","176","7:09","5:10","--","--","1.00","8.8","8.9","273","--","268","0.0","231","345","2,470","'-5","Nein","00:05:37.3","3","00:14:54","00:17:45","--","--"
Laufen auf der Bahn,2025-07-05 18:09:44,false,"Graz Laufen auf der Bahn","950","60","00:11:51","91","98","0.2","56","158","12:29","8:12","--","1","0.72","8.6","6.1","444","--","72","0.0","53","183","870","--","Nein","00:00:13.5","8","00:10:44","00:11:52","353","354"
Laufen,2025-07-01 17:11:52,false,"Graz Laufen","5.18","360","00:25:58","158","174","3.8","173","179","5:01","3:45","17","18","1.15","7.9","9.1","250","5:01","340","0.0","337","413","4,480","'-6","Nein","00:00:55.5","6","00:25:50","00:25:58","364","383"
Laufen,2025-06-12 06:13:42,false,"Graz Laufen","5.30","371","00:29:08","147","160","3.4","173","181","5:29","4:57","10","14","1.06","8.2","8.6","254","5:27","309","0.0","305","403","5,010","'-9","Nein","00:02:04.5","6","00:28:45","00:29:08","369","379"
Laufen,2025-05-31 08:33:43,false,"Graz - Base","9.07","663","00:50:25","154","171","4.2","173","179","5:34","4:43","74","73","1.04","8.4","8.7","259","5:28","317","0.0","310","453","8,662","'-17","Nein","00:00:57.4","10","00:50:22","00:50:28","366","415"
Laufen,2025-05-21 16:43:10,false,"Graz - Threshold","7.68","549","00:38:11","160","180","4.3","175","190","4:58","4:05","14","9","1.15","7.8","9.0","248","4:57","353","0.0","348","456","6,640","'-11","Nein","00:00:03.1","10","00:38:07","00:38:11","364","372"
